,name,avg_rental_duration
0,Action,4.953125
1,Animation,4.893939393939394
2,Children,5.033333333333333
3,Classics,5.0701754385964914
4,Comedy,4.931034482758621
5,Documentary,4.764705882352941
6,Drama,5.080645161290323
7,Family,5.173913043478261
8,Foreign,5.10958904109589
9,Games,5.065573770491803
10,Horror,4.857142857142857
11,Music,5.235294117647059
12,New,4.746031746031746
13,Sci-Fi,4.885245901639344
14,Sports,4.716216216216216
15,Travel,5.350877192982456
